{
  "nue_cc + numu_cc": "lambda E: 0.7 * 1e-38 * 6e23/0.92 * 1e12 * 1e-4 * 10 * (1 - np.exp(-0.4 * (E - 1))) * E",
  "nuebar_cc + numubar_cc": "lambda E: 0.35 * 1e-38 * 6e23/0.92 * 1e12 * 1e-4 * 10 * (1 - np.exp(-0.4 * (E - 1))) * E",
  "nutau_cc": {
    "energy": [
      3.5279553277948517,
      3.6030736184862553,
      3.7587885591327708,
      4.092925019648508,
      4.409524695968715,
      5.257096367855491,
      6.038562175536771,
      7.277426132989199,
      8.540135390248798,
      10.293250961649333,
      12.406600783761112,
      14.7171474854482,
      19.321757509381193,
      28.529536611408062,
      40.583675071782324,
      50.787287684956105,
      71.48192065327585,
      92.86530716050049,
      123.91328263885129,
      161.84815777605039,
      210.27008366074597,
      294.3986616893125,
      405.63916687229744,
      489.03467420476625
    ],
    "aeff": [
      2.780912404104278e-09,
      1.3371302212208506e-08,
      4.9197195418719216e-08,
      1.5098802664310796e-07,
      3.0088662884723326e-07,
      9.043654551512399e-07,
      1.723176412949428e-06,
      3.501662802806846e-06,
      5.784055002415512e-06,
      9.506595991185135e-06,
      1.4719542561104787e-05,
      2.062463282634108e-05,
      3.3770416684319295e-05,
      6.407472490853277e-05,
      0.00010590746583255066,
      0.00014467255845751538,
      0.0002251742533958593,
      0.0003115983087614591,
      0.00043750078282665784,
      0.0005938495795421881,
      0.000801754600136105,
      0.00115267627868637,
      0.001610718842334738,
      0.001967962542781719
    ]
  },
  "nutaubar_cc": {
    "energy": [
      3.533236245939791,
      3.6064821737635544,
      3.719415307933116,
      3.8568484378713683,
      4.02110467243645,
      4.2814140649779215,
      4.631528068323536,
      5.063703514131364,
      5.991018363472944,
      7.163642074870391,
      9.029094725470104,
      10.854608965226499,
      13.683308061279368,
      17.249643902457,
      23.04276453772583,
      29.66928926512308,
      39.01512172916824,
      50.76919995459224,
      63.67391756298599,
      86.42421619991772,
      121.71375059716317,
      156.73088373169418,
      200.76185680408233,
      293.37001073050465,
      383.79706963408603,
      494.2433179622665
    ],
    "aeff": [
      2.421606128297224e-10,
      1.2706750239331906e-09,
      5.224922405333539e-09,
      1.4485823188878513e-08,
      3.155406737364208e-08,
      7.434369108659137e-08,
      1.5918084695595442e-07,
      3.052899859778921e-07,
      7.242415217404696e-07,
      1.4863742172845053e-06,
      3.0923680361053513e-06,
      5.0505299390070325e-06,
      8.23706097488227e-06,
      1.2800487222102234e-05,
      2.1144489084734002e-05,
      3.11827371060302e-05,
      4.6955061069772605e-05,
      6.745019582946705e-05,
      9.111941658353535e-05,
      0.000136557271156875,
      0.00020727735203584157,
      0.0002806156199061225,
      0.00037789522815399895,
      0.0005809537418385514,
      0.0007894377550988316,
      0.0010179775592991476
    ]
  },
  "nuall_nc": "lambda E: 0.25 * 1e-38 * 6e23/0.92 * 1e12 * 1e-4 * 10 * (1 - np.exp(-0.1 * (E - 1))) * E",
  "nuallbar_nc": "lambda E: 0.125 * 1e-38 * 6e23/0.92 * 1e12 * 1e-4 * 10 * (1 - np.exp(-0.1 * (E - 1))) * E"
}